metric,control_mean,variant_mean,abs_lift,rel_lift,ci_low,ci_high,p_value,n_control,n_variant,significant_0_05
retention_30d,0.919853527448838,0.9331575118224809,0.013303984373642885,0.01446315524879351,0.010563139537861543,0.01600074476669398,0.0,67726,65976,True
retention_30d,0.919853527448838,0.9266644544330146,0.006810926984176624,0.007404360347528749,0.00409646110718104,0.009591776384849914,2.8346520077882076e-06,67726,66298,True
retention_90d,0.9974898857159732,0.9982872559718685,0.0007973702558953244,0.0007993767829765934,0.0002872500631212055,0.0012596303114733446,0.00151528414901958,67726,65976,True
retention_90d,0.9974898857159732,0.997827988777942,0.00033810306196879747,0.00033895387493189025,-0.0001830024726220514,0.0008271494769495095,0.20053313236563453,67726,66298,False
minutes_30d,199.01452913209107,210.69911611209992,11.684586980008845,0.05871223086558411,9.385216354274391,13.983896121132375,0.0,67726,66298,True
minutes_30d,199.01452913209107,230.88835334060872,31.873824208517647,0.16015827762686696,29.44418286100515,34.29638686335963,0.0,67726,65976,True
minutes_90d,400.70295012255264,425.711107424055,25.008157301502365,0.06241071420575708,22.28004134753756,27.641262782658764,0.0,67726,66298,True
minutes_90d,400.70295012255264,466.1915999757488,65.48864985319614,0.1634344090383333,62.5524086519368,68.36627489485366,0.0,67726,65976,True
